<?xml version="1.0" encoding="UTF-8" standalone="yes"?>
<manifest>
  <control namespace="sa" constructor="CollapsibleTextControl" version="0.0.1" display-name-key="CollapsibleTextControl" description-key="CollapsibleTextControl description" control-type="virtual" api-version="1.3.15">
    <external-service-usage enabled="false"/>
    <type-group name="Text">
      <type>Multiple</type>
      <type>SingleLine.Text</type>
      <type>SingleLine.TextArea</type>
    </type-group>
    <property name="TextField" display-name-key="Text" of-type-group="Text" usage="bound" required="true"/>
    <property name="Formfieldheight" display-name-key="Form field height (Rows)" description-key="Max Height is 40 Rows" of-type="Whole.None" usage="input" required="true"/>
    <property name="autoAdjustHeight" display-name-key="Use all available vertical space" of-type="TwoOptions" usage="input" required="true"/>
    <property name="DefaultExpanded" display-name-key="Default Expandable" of-type="TwoOptions" usage="input" required="true"/>
    <resources>
      <code path="bundle.js" order="1"/>
      <platform-library name="React" version="16.8.6"/>
      <platform-library name="Fluent" version="8.29.0"/>
    </resources>
    <built-by name="pac" version="1.33.3"/>
  </control>
</manifest>